<?xml version="1.0" encoding="UTF-8"?>
<!--
  ~ Copyright (C) 2015 Twitter, Inc.
  ~
  ~ Licensed under the Apache License, Version 2.0 (the "License");
  ~ you may not use this file except in compliance with the License.
  ~ You may obtain a copy of the License at
  ~
  ~      http://www.apache.org/licenses/LICENSE-2.0
  ~
  ~ Unless required by applicable law or agreed to in writing, software
  ~ distributed under the License is distributed on an "AS IS" BASIS,
  ~ WITHOUT WARRANTIES OR CONDITIONS OF ANY KIND, either express or implied.
  ~ See the License for the specific language governing permissions and
  ~ limitations under the License.
  ~
  -->

<lint>
    <issue id="IconMissingDensityFolder" severity="ignore">
        <!-- Suppress lint warning on xxxhdpi, which "is necessary only to provide a launcher icon
        that can appear larger than usual on an xxhdpi device. You do not need to provide xxxhdpi
        assets for all your app's images." -->
        <ignore path="src/debug/res/drawable-xxxhdpi"/>
    </issue>
    <issue id="SetJavaScriptEnabled" severity="error">
        <ignore
            path="src/main/java/com/twitter/sdk/android/core/identity/OAuthActivity.java"/>
    </issue>
    <issue id="TrulyRandom" severity="ignore" />
    <issue id="WrongRegion" severity="ignore" />
    <issue id="PackageManagerGetSignatures" severity="ignore"/>
    <issue id="ParcelCreator" severity="error">
        <ignore
            path="src/main/java/com/twitter/sdk/android/core/internal/oauth/AppAuthToken.java"/>
        <ignore
            path="src/main/java/com/twitter/sdk/android/core/internal/oauth/GuestAuthToken.java"/>
        <ignore
            path="src/main/java/com/twitter/sdk/android/core/identity/ShareEmailResultReceiver.java"/>
    </issue>
</lint>
